row_id|coveragearea_id|address_street|created_date|created_by|updated_date|updated_by
94877|377|Jl m ali 1 rt 03 rw 04  (PENYEWA)|Jan 31 2024 10:03AM|INS00124|Dec 30 1899 12:00AM|
94878|574|Jl. Musyawarah 1 Rt 017 Rw 002 (PENYEWA)|Jan 31 2024 10:05AM|INS00124|Dec 30 1899 12:00AM|
94879|217|Jl kesatuan rt 01 rw 01|Jan 31 2024 10:08AM|INS00124|Dec 30 1899 12:00AM|
94880|607|Jl. Kebagusan IV RT 011/004 |Jan 31 2024 10:13AM|INS00124|Dec 30 1899 12:00AM|
94881|496|Jl haji asmawi RT 005 RW 002 (PENYEWA)|Jan 31 2024 10:15AM|INS00124|Dec 30 1899 12:00AM|
94882|419|Jl. H. Ijo Rt.007/013(PENYEWA)|Jan 31 2024 10:17AM|INS00124|Dec 30 1899 12:00AM|
94883|444|Jl. Masjid Baitussalam Rt 002 Rw 05|Jan 31 2024 12:22PM|INS00362|Dec 30 1899 12:00AM|
94884|569|Jl Kali Baru Barat RT 02 RW 06|Jan 31 2024 12:58PM|INS00362|Dec 30 1899 12:00AM|
94885|510|Jl keramat asem Gg Setapak RT.012 RW.06|Jan 31 2024  1:03PM|INS00362|Dec 30 1899 12:00AM|
94886|409|Jl.Rawa Bebek RT 004 RW 008|Jan 31 2024  1:08PM|INS00362|Dec 30 1899 12:00AM|
94887|539|Jl. Jembatan besi 5 RT 07 rw 04  (penyewa)|Jan 31 2024  1:24PM|INS00124|Dec 30 1899 12:00AM|
94888|55|Jl. Bu Bagus Kebagusan 2 RT. 011 RW. 07 (PENYEWA)|Jan 31 2024  1:29PM|INS00124|Dec 30 1899 12:00AM|
94889|311|Jl H sidup Gg Nasib RT 03 RW 04 (PENYEWA)|Jan 31 2024  1:31PM|INS00124|Dec 30 1899 12:00AM|
94890|534|Jl. Kejaksaan 1 gg.mulia rt.03/rw.06 (PENYEWA)|Jan 31 2024  1:32PM|INS00124|Dec 30 1899 12:00AM|
94891|607|jl.kebagusan dalam 4, GG.3M, RT.011/RW.004|Jan 31 2024  1:35PM|INS00124|Dec 30 1899 12:00AM|
94892|138|Jalan Bangka XI C RT.006/RW.010 |Jan 31 2024  1:45PM|INS00124|Dec 30 1899 12:00AM|
94893|600|Jl. Kalibaru Barat 7 RT.007/RW.015|Jan 31 2024  1:50PM|INS00110|Dec 30 1899 12:00AM|
94894|607|jl.kebagusan dalam IV, RT10/RW04 |Jan 31 2024  2:00PM|INS00124|Dec 30 1899 12:00AM|
94895|607|jl.kebagusan dalam 4, GG.3M, RT.011/RW.004|Jan 31 2024  2:02PM|INS00124|Dec 30 1899 12:00AM|
94896|607|Jalan Kebagusan IV Dalam, Gang H. Matasin Rt 09 Rw 04 |Jan 31 2024  3:16PM|INS00124|Dec 30 1899 12:00AM|
94897|419|Jl. Pedongkelan Belakang Gg.H.Asim RT.16/RW.13 |Jan 31 2024  3:22PM|INS00124|Dec 30 1899 12:00AM|
94898|607|Jl. Swadaya 1 Gg. H. Riduan Rt 011 Rw 04 |Jan 31 2024  3:26PM|INS00124|Dec 30 1899 12:00AM|
94899|607|Jl.H Matasan Rt02/Rw04 |Jan 31 2024  3:28PM|INS00124|Dec 30 1899 12:00AM|
94900|535|Jl.H.Radi VIII RT.01/RW 09 |Jan 31 2024  3:33PM|INS00124|Dec 30 1899 12:00AM|
94901|200|JL. Nanas Gg Flamboyan 3 RT 11 / RW 03|Jan 31 2024  4:16PM|INS00028|Dec 30 1899 12:00AM|
94902|329|E.7-03|Jan 31 2024  4:34PM|INS00028|Dec 30 1899 12:00AM|
94903|198|Jl.Nurul Amal 24 RT.15/RW.05 |Jan 31 2024  4:50PM|INS00124|Dec 30 1899 12:00AM|
94904|607|Jalan Kebagusan IV Dalam, Gang 3 M Rt 011 Rw 04 |Jan 31 2024  4:53PM|INS00124|Dec 30 1899 12:00AM|
94905|588|Jl.Kerukunan Rt. 04 Rw. 06 |Jan 31 2024  4:56PM|INS00124|Dec 30 1899 12:00AM|
94906|531|Jl. Irigasi Sipon RT. 005 RW. 004 |Jan 31 2024  5:01PM|INS00124|Dec 30 1899 12:00AM|
94907|357|Jl  Harapan Baru 2 Raya kp Rawa Pasung RT 003/001|Jan 31 2024  5:23PM|INS00362|Dec 30 1899 12:00AM|
94908|574|jl musyawarah 2 RT 17 RW 02 |Jan 31 2024  5:52PM|INS00124|Dec 30 1899 12:00AM|
94909|80|Jl.Kemang Timur 18 RT004 / RW03|Jan 31 2024  5:56PM|INS00375|Dec 30 1899 12:00AM|
94910|419|Jl. Pedongkelan Belakang Rt. 11 Rw.13 GG. H. Amsir Blok. D |Jan 31 2024  6:01PM|INS00124|Dec 30 1899 12:00AM|
94911|392|Jl. Naman Iskandar RT. 001/RW.004|Jan 31 2024  6:04PM|INS00124|Dec 30 1899 12:00AM|
94912|592|jl.raya Lenteng agung RT.013/RW.008|Jan 31 2024  6:10PM|INS00124|Dec 30 1899 12:00AM|
94913|181|Jl Nanas 1 Gg Flamboyan 7 Rt 04/03|Jan 31 2024  6:32PM|INS00362|Dec 30 1899 12:00AM|
94914|444|Jl Raya Parpostel Rt 05/Rw 025|Feb  1 2024  7:52AM|INS00362|Dec 30 1899 12:00AM|
94915|25|Jl Batu Ampar Gang Abadi RT 010 / RW 001|Feb  1 2024 10:31AM|INS00028|Dec 30 1899 12:00AM|
94916|590|ALESHA YELLOW 5|Feb  1 2024 10:54AM|INS00375|Dec 30 1899 12:00AM|
94917|459|JL. PUCANG ANOM VI RT.9 RW.10|Feb  1 2024 11:19AM|INS00506|Dec 30 1899 12:00AM|
94918|512|Jl Muchtar Raya RT 05/RW 08|Feb  1 2024 11:23AM|INS00375|Dec 30 1899 12:00AM|
94919|431|JL. DUKUH KUPANG TIMUR VI RT.3 RW.12|Feb  1 2024 11:47AM|INS00506|Dec 30 1899 12:00AM|
94920|68|Jl. buncit XII, H.ibrahim, RT.014/RW.005|Feb  1 2024 12:48PM|INS00124|Dec 30 1899 12:00AM|
94921|312|Jl. Cempaka Raya RT. 06 RW. 05 |Feb  1 2024 12:52PM|INS00124|Dec 30 1899 12:00AM|
94922|389|jl kesatrian Mabad RT 005 RW 005|Feb  1 2024 12:55PM|INS00124|Dec 30 1899 12:00AM|
94923|389|jl delima jaya 4 RT 2 RW 7 |Feb  1 2024 12:59PM|INS00124|Dec 30 1899 12:00AM|
94924|522|jl.H Arsyad rt. 02/07 (PENYEWA)|Feb  1 2024  1:02PM|INS00124|Dec 30 1899 12:00AM|
94925|502|Jl rawa kalong raya gg swadaya 4  RT 01 RW 010|Feb  1 2024  1:04PM|INS00124|Dec 30 1899 12:00AM|
94926|299|Jl KH M Usman rt 03/04|Feb  1 2024  1:07PM|INS00124|Dec 30 1899 12:00AM|
94927|324|JL.Cendana RT.003 RW.011|Feb  1 2024  1:32PM|INS00027|Dec 30 1899 12:00AM|
94928|227|Jl. Duri Intan IV RT003 / RW12|Feb  1 2024  1:51PM|INS00375|Dec 30 1899 12:00AM|
94929|409|Jl.korma Rt 019/Rw 06|Feb  1 2024  2:28PM|INS00362|Dec 30 1899 12:00AM|
94930|222|Jl. Kemuning Dalam RT.10/RW.04|Feb  1 2024  3:02PM|INS00362|Dec 30 1899 12:00AM|
94931|607|Jl. Kebagusan IV Rt 012/ Rw 04 |Feb  1 2024  3:23PM|INS00124|Dec 30 1899 12:00AM|
94932|130|Apartemen Kebagusan city |Feb  1 2024  3:51PM|INS00124|Dec 30 1899 12:00AM|
94933|520|Jl  Raya Centex Gang Sopan RT 03/ RW 10|Feb  1 2024  3:59PM|INS00362|Dec 30 1899 12:00AM|
94934|534|Jl. H Muad RT. 03/RW. 05  (PENYEWA)|Feb  1 2024  4:06PM|INS00124|Dec 30 1899 12:00AM|
94935|607|jl. Kebagusan 4, GG.swadaya 1 , RT.011/RW.004|Feb  1 2024  4:08PM|INS00124|Dec 30 1899 12:00AM|
94936|479|jalan H.tu'in gang kembang, RT 002/RW 08|Feb  1 2024  4:09PM|INS00124|Dec 30 1899 12:00AM|
94937|459|JL. PUCANG SEWU VII RT.2 RW.7|Feb  1 2024  4:53PM|INS00506|Dec 30 1899 12:00AM|
94938|607|jln kebagusan dalam 4 RT 10 RW 04|Feb  1 2024  4:55PM|INS00124|Dec 30 1899 12:00AM|
94939|583|jl.masjid Al-makmur RT03/RW08 |Feb  1 2024  4:56PM|INS00124|Dec 30 1899 12:00AM|
94940|498|Jl Garikas Raya Gang I RT 12 RW 16 |Feb  1 2024  4:58PM|INS00124|Dec 30 1899 12:00AM|
94941|576|Gg. Sunterjaya 2A RT10/02|Feb  1 2024  5:02PM|INS00110|Dec 30 1899 12:00AM|
94942|607|jl.H.abdulloh, RT.009/RW.005|Feb  1 2024  5:04PM|INS00124|Dec 30 1899 12:00AM|
94943|389|jl delima jaya 4 wisma 3A RT 3 RW 7 |Feb  1 2024  6:16PM|INS00124|Dec 30 1899 12:00AM|
94944|80|Jl.Kemang Timur 10 Rt 008/003 ( PENYEWA)|Feb  1 2024  6:18PM|INS00124|Dec 30 1899 12:00AM|
94945|159|jl.pancoran barat VII,Gg H. Mutholib, RT015/RT01|Feb  1 2024  6:22PM|INS00124|Dec 30 1899 12:00AM|
94946|39|Jl. Lebak Bulus 1 RT 003/ RW 004 (Penyewa)|Feb  2 2024  8:28AM|INS00013|Dec 30 1899 12:00AM|
94947|97|Jl. Guru Saliin Gg Guru Saliin 1 RT 005/ RW 005|Feb  2 2024  8:34AM|INS00013|Dec 30 1899 12:00AM|
94948|69|Jl. Pedongkelan Dalam RT 004/ RW 006 (Penyewa)|Feb  2 2024  9:56AM|INS00013|Dec 30 1899 12:00AM|
94949|312|Jl. Mabad Bawah Dalam III RT 008/ RW 012 (Penyewa)|Feb  2 2024 10:01AM|INS00013|Dec 30 1899 12:00AM|
94950|375|Jl. Mandor Sanim 1 RT 004/ RW 007 (Penyewa)|Feb  2 2024 10:37AM|INS00013|Dec 30 1899 12:00AM|
94951|607|Jl. Kebagusan 4 RT 005/ RW 004 (Penyewa)|Feb  2 2024 11:30AM|INS00013|Dec 30 1899 12:00AM|
94952|389|Jl. Alle Raya RT 002/ RW 002 (Penyewa)|Feb  2 2024 11:36AM|INS00013|Dec 30 1899 12:00AM|
94953|97|Jl. Ulujami Raya RT 005/ RW 005 (Penyewa)|Feb  2 2024  1:12PM|INS00013|Dec 30 1899 12:00AM|
94954|199|Jl. Akasia II RT 014/ RW 012 (Penyewa)|Feb  2 2024  1:16PM|INS00013|Dec 30 1899 12:00AM|
94955|607|Jl. Kebagusan Wates RT 009/ RW 004|Feb  2 2024  1:24PM|INS00013|Dec 30 1899 12:00AM|
94956|181|Jl Nanas 2 Rt 10 Rw 09|Feb  2 2024  2:02PM|INS00028|Dec 30 1899 12:00AM|
94957|489|JL.beringin XIII RT.01/RW.010|Feb  2 2024  2:13PM|INS00028|Dec 30 1899 12:00AM|
94958|579|Jl Gg Pori lX Rt 08 Rw 10|Feb  2 2024  2:32PM|INS00028|Dec 30 1899 12:00AM|
94959|596|Jl Bina Asih 2 Gg haji aman 2 RT 03 Rw 09|Feb  2 2024  2:56PM|INS00028|Dec 30 1899 12:00AM|
94960|230|Jl. Marjuki 1 RT 005/ RW 006 Gg H. Boon|Feb  2 2024  3:07PM|INS00013|Dec 30 1899 12:00AM|
94961|498|jl.setia 1 rt 002 rw 016 |Feb  2 2024  3:11PM|INS00124|Dec 30 1899 12:00AM|
94962|386|Apartemen Casa De Parco Tower Magnolia lantai 7 |Feb  2 2024  3:26PM|INS00124|Dec 30 1899 12:00AM|
94963|544|Jl mandor basar kavling erwin rt 01 rw 01 |Feb  2 2024  3:31PM|INS00124|Dec 30 1899 12:00AM|
94964|486|Jl.fajar baru utara Gg.samping sekolah min 7 RT.010/Rw.009|Feb  2 2024  3:33PM|INS00124|Dec 30 1899 12:00AM|
94965|210|jl kebon nanas f 1, GG H Omo Rt.05/rw.10 |Feb  2 2024  3:36PM|INS00124|Dec 30 1899 12:00AM|
94966|127|Jl. Wijaya 1 Gg Langgar RT 012/ RW 003 (Penyewa)|Feb  2 2024  3:37PM|INS00013|Dec 30 1899 12:00AM|
94967|494|jl.sd inpres RT 02 RW 09 |Feb  2 2024  3:39PM|INS00124|Dec 30 1899 12:00AM|
94968|607|Jl, Kebagusan IV Dalam RT 001/ RW 014 (Penyewa)|Feb  2 2024  3:42PM|INS00013|Dec 30 1899 12:00AM|
94969|312|Jl. Cempaka Raya RT4 RW3 |Feb  2 2024  3:43PM|INS00124|Dec 30 1899 12:00AM|
94970|546|Jl. Al Maghfiroh I RT 08 RW 09|Feb  2 2024  3:48PM|INS00028|Dec 30 1899 12:00AM|
94971|410|Jl. Pepabri Raya RT 003/ RW 012 (Penyewa)|Feb  2 2024  3:48PM|INS00013|Dec 30 1899 12:00AM|
94972|143|Jl Kampung Rawa Selatan V RT 14 RW 04|Feb  2 2024  3:52PM|INS00028|Dec 30 1899 12:00AM|
94973|607|Jl, Kebagusan IV Dalam RT 001/ RW 004 (Penyewa)|Feb  2 2024  4:05PM|INS00013|Dec 30 1899 12:00AM|
94974|459|JL. PUCANG ANOM VI RT.9 RW.8|Feb  2 2024  4:09PM|INS00506|Dec 30 1899 12:00AM|
94975|178|JLN.BANGKA 2F RT12/13 |Feb  2 2024  4:23PM|INS00124|Dec 30 1899 12:00AM|
94976|537|Jln. Johar RT 003 RW 003 |Feb  2 2024  4:25PM|INS00124|Dec 30 1899 12:00AM|
94977|599|Jl. Gg. H. Lamun RT. 14/RW. 02|Feb  2 2024  4:31PM|INS00028|Dec 30 1899 12:00AM|
94978|580|Jl Pisangan lama 2  Rt 02/Rw 04|Feb  2 2024  4:34PM|INS00028|Dec 30 1899 12:00AM|
94979|364|Jl. Kampung Rawa 2 RT 003/ RW 004 (Penyewa)|Feb  2 2024  4:35PM|INS00013|Dec 30 1899 12:00AM|
94980|480|Jln legoso raya RT.03/001.|Feb  2 2024  4:54PM|INS00124|Dec 30 1899 12:00AM|
94981|480|Jln legoso raya RT.03/001|Feb  2 2024  4:54PM|INS00124|Dec 30 1899 12:00AM|
94982|481|Jl. haji abdul gani rt.001/rw.001|Feb  2 2024  5:30PM|INS00124|Dec 30 1899 12:00AM|
94983|178|Jl. Mangga 2F Gg Mini 1 RT 006/ RW 013 (Penyewa)|Feb  2 2024  7:43PM|INS00013|Dec 30 1899 12:00AM|
94984|97|Jl. Ulujami Raya Gg Kancil 1 RT 011/ RW 004 (Penyewa)|Feb  2 2024  7:49PM|INS00013|Dec 30 1899 12:00AM|
94985|23|Jl. Pulau Bira 3 Rt.013/09 blok D1 |Feb  2 2024  8:23PM|INS00124|Dec 30 1899 12:00AM|
94986|520|Jl H Baping Gg Bhineka 4 Rt 011/Rw 09|Feb  3 2024 10:18AM|INS00028|Dec 30 1899 12:00AM|
94987|496|Jl haji asmawi RT 005 RW 002 |Feb  3 2024 12:12PM|INS00124|Dec 30 1899 12:00AM|
94988|540|Jl. H Holil RT 003/ RW 007 (Penyewa)|Feb  3 2024  1:36PM|INS00013|Dec 30 1899 12:00AM|
94989|528|Jl. Kayu Manis 3 RT.017/RW.003|Feb  3 2024  1:47PM|INS00028|Dec 30 1899 12:00AM|
94990|489|Jl Bunga Rampai 2 Rt 06 Rw 09|Feb  3 2024  2:08PM|INS00028|Dec 30 1899 12:00AM|
94991|607|Jl. Kelapa Peon RT 003/ RW 004 (Penyewa)|Feb  3 2024  3:57PM|INS00013|Dec 30 1899 12:00AM|
94992|577|Jl Sunter Jaya 4 Rt 01 Rw 03|Feb  3 2024  3:59PM|INS00028|Dec 30 1899 12:00AM|
94993|364|Jl. H. Salihun RT 006/ RW 003 (Penyewa)|Feb  3 2024  4:01PM|INS00013|Dec 30 1899 12:00AM|
94994|510|Jl Pandan Raya R t01 Rw 09 |Feb  3 2024  4:03PM|INS00028|Dec 30 1899 12:00AM|
94995|510|Jl Pandan Raya Rt 01 Rw 09|Feb  3 2024  4:06PM|INS00028|Dec 30 1899 12:00AM|
94996|395|JL.RIYUN PERMAI GG.BATU TANDAL KAV.2|Feb  3 2024  4:16PM|INS00190|Dec 30 1899 12:00AM|
94997|451|Jl. Kemanggisan Ilir 4 RT 007/ RW 007 (Penyewa)|Feb  3 2024  4:52PM|INS00013|Dec 30 1899 12:00AM|
94998|68|Jl. Mampang Prapatan XIII Gg H Dahlan RT 009/ RW 003|Feb  3 2024  4:58PM|INS00013|Dec 30 1899 12:00AM|
94999|386|APARTMENT CASA DE PARCO TOWER CASSEA LANTAI 22 |Feb  3 2024  5:00PM|INS00124|Dec 30 1899 12:00AM|
95000|459|JL. PUCANG ANOM IV RT.3 RW.8|Feb  3 2024  5:03PM|INS00506|Dec 30 1899 12:00AM|
95001|524|Jl. Lawu Raya Gg Renah RT 002/ RW 014 (Penyewa)|Feb  3 2024  5:05PM|INS00013|Dec 30 1899 12:00AM|
95002|199|jl. akasia 1 rt 09 rw 12|Feb  3 2024  5:23PM|INS00124|Dec 30 1899 12:00AM|
95003|607|jl.kebagusan 4 RT.12/RW.04 |Feb  3 2024  5:25PM|INS00124|Dec 30 1899 12:00AM|
95004|459|JL. PUCANG ANOM VI RT.3 RW.8|Feb  3 2024  5:25PM|INS00506|Dec 30 1899 12:00AM|
95005|584|jl.batu merah 3, RT.007/RW.002|Feb  3 2024  5:27PM|INS00124|Dec 30 1899 12:00AM|
95006|152|Jl petojo binatu gg 1 RT 03 RW 08 |Feb  3 2024  5:30PM|INS00124|Dec 30 1899 12:00AM|
95007|436|JL. KEDUNG TARUKAN BARU GG IV A RT.10 RW.6|Feb  3 2024  5:40PM|INS00506|Dec 30 1899 12:00AM|
95008|384|Jl. Kav UI Timur 7 RT 003/ RW 002 (Penyewa)|Feb  3 2024  5:40PM|INS00013|Dec 30 1899 12:00AM|
95009|150|Jl. Tanah Kusir 2 Blok H. Leman RT 009/ RW 009 (Penyewa)|Feb  3 2024  5:47PM|INS00013|Dec 30 1899 12:00AM|
95010|503|Jl. A RT 03/RW 08|Feb  3 2024  6:27PM|INS00028|Dec 30 1899 12:00AM|
95011|465|Jl.Agung Utara 2 Rt 005 Rw 008|Feb  3 2024  6:31PM|INS00028|Dec 30 1899 12:00AM|
95012|143|Jl.kampung Rawa Sawah RT 010 RW 01|Feb  3 2024  6:50PM|INS00028|Dec 30 1899 12:00AM|
95013|445|Jl  Dwiwarna 4  RT 003 RW 009|Feb  3 2024  6:53PM|INS00028|Dec 30 1899 12:00AM|
95014|427|Jl. Batu Ceper X Kecil RT.016/01|Feb  3 2024  6:57PM|INS00028|Dec 30 1899 12:00AM|
95015|81|Jl.Tityan Indah IV Blok DI |Feb  3 2024  7:01PM|INS00028|Dec 30 1899 12:00AM|
95016|436|JL. KEDUNG TARUKAN BARU GG IV A RT.8 RW.6|Feb  4 2024  9:45AM|INS00506|Dec 30 1899 12:00AM|
95017|550|Jl. Kalibaru timur 8F Rt.11 RW.03|Feb  4 2024  1:49PM|INS00028|Dec 30 1899 12:00AM|
95018|581|Jl Pisangan Lama 3 Rt 01 Rw 08|Feb  4 2024  1:55PM|INS00028|Dec 30 1899 12:00AM|
95019|432|JL. KUTAI II RT.9 RW.6|Feb  4 2024  1:57PM|INS00506|Dec 30 1899 12:00AM|
95020|550|Jl Kalibaru Timur 8 Rt 015/03|Feb  4 2024  2:46PM|INS00028|Dec 30 1899 12:00AM|
95021|415|Rusun klender blok 48 lantai dasar RT.01/RW.01|Feb  4 2024  3:15PM|INS00028|Dec 30 1899 12:00AM|
95022|69|jl Daan Mogot gang sahabat RT 10 RW 13 |Feb  4 2024  3:27PM|INS00124|Dec 30 1899 12:00AM|
95023|531|jl. Ki hajar Dewantoro gang kodar RT 04 RW 04|Feb  4 2024  3:29PM|INS00124|Dec 30 1899 12:00AM|
95024|496|JL HAJI IMING RT 08 RW 02 |Feb  4 2024  3:30PM|INS00124|Dec 30 1899 12:00AM|
95025|514|jl.masjid al mujahidin rt. 01/06|Feb  4 2024  3:32PM|INS00124|Dec 30 1899 12:00AM|
95026|514|Jl Masjid Mujahidin RT 02/06|Feb  4 2024  3:33PM|INS00124|Dec 30 1899 12:00AM|
95027|527|JL.SMA 57 RT 011 RW 006 |Feb  4 2024  3:36PM|INS00124|Dec 30 1899 12:00AM|
95028|604|AVEZZA BLOK D7 |Feb  4 2024  3:40PM|INS00124|Dec 30 1899 12:00AM|
95029|575|Jl. Jembatan besi IV Gg. DD Rt 007 Rw 003 |Feb  4 2024  3:45PM|INS00124|Dec 30 1899 12:00AM|
95030|122|Jln B, RT 011 / RW 001|Feb  4 2024  3:48PM|INS00124|Dec 30 1899 12:00AM|
95031|592|jl.raya Lenteng agung, GG.kompos, RT.011/RW.008|Feb  4 2024  3:51PM|INS00124|Dec 30 1899 12:00AM|
95032|550|Jl Kalibaru Timur VIII K RT 15 RW 03|Feb  4 2024  4:22PM|INS00028|Dec 30 1899 12:00AM|
95033|605|Jl  Kebon Kosong 23 RT 007/RW 003|Feb  4 2024  4:40PM|INS00028|Dec 30 1899 12:00AM|
95034|161|Jl Tipar Cakung baru Rt 07/Rw 07|Feb  4 2024  4:44PM|INS00028|Dec 30 1899 12:00AM|
95035|357|Jl. Harapan Baru 2 Gang hj Usman RT 04 Rw 01|Feb  4 2024  4:47PM|INS00028|Dec 30 1899 12:00AM|
95036|219|Rusun Tanah Abang Blok 51 Rt 009 Rw 011|Feb  4 2024  5:57PM|INS00028|Dec 30 1899 12:00AM|
95037|441|Jl Citra Anggun 1 Rt 01 Rw 19|Feb  4 2024  6:19PM|INS00028|Dec 30 1899 12:00AM|
95038|588|Jl.Veteran 3 Rt. 006 Rw. 06|Feb  4 2024  6:27PM|INS00124|Dec 30 1899 12:00AM|
95039|364|jl Gili sampeng RT 9 RW 3 |Feb  4 2024  6:29PM|INS00124|Dec 30 1899 12:00AM|
95040|312|Jl swadaya bawah 2 RT 6 RW 12 |Feb  4 2024  6:31PM|INS00124|Dec 30 1899 12:00AM|
95041|607|Jl. kebagusan dalam 4 rt/rw 9/04 |Feb  4 2024  6:33PM|INS00124|Dec 30 1899 12:00AM|
95042|323|Gg Swadaya 1 Rt 01 Rw 012|Feb  4 2024  6:34PM|INS00028|Dec 30 1899 12:00AM|
95043|312|Jl swadaya bawah 2 RT 6 RW 12 |Feb  4 2024  6:35PM|INS00124|Dec 30 1899 12:00AM|
95044|394|JL H BONA KAV BONA BARU RT 03 RW 08 |Feb  4 2024  6:37PM|INS00124|Dec 30 1899 12:00AM|
95045|557|Jl. Nusa Indah Timur Rt.08/03 |Feb  4 2024  6:39PM|INS00124|Dec 30 1899 12:00AM|
95046|391|Jl Pelita rt 02/03 |Feb  4 2024  6:41PM|INS00124|Dec 30 1899 12:00AM|
95047|607|jl.kebagusan IV dalam, Gg H. Hasan gampung RT010/RW04 |Feb  4 2024  6:42PM|INS00124|Dec 30 1899 12:00AM|
95048|498|Jl.alfalah 5 rt 14 rw 16 |Feb  4 2024  6:45PM|INS00124|Dec 30 1899 12:00AM|
95049|312|Jl swadaya bawah 2 RT 6 RW 12 |Feb  4 2024  7:12PM|INS00124|Dec 30 1899 12:00AM|
95050|334|JL.PANTI ANYAR 3|Feb  5 2024  8:39AM|INS00190|Dec 30 1899 12:00AM|
95051|97|Jl. Ulujami Raya RT 007/ RW 005 (Penyewa)|Feb  5 2024 11:11AM|INS00013|Dec 30 1899 12:00AM|
95052|496|Jl. Rawamaya 1 RT 002/ RW 014 (Penyewa)|Feb  5 2024 11:23AM|INS00013|Dec 30 1899 12:00AM|
95053|502|Jl. Cemara Gg Pendidikan RT 001/ RW 009|Feb  5 2024 11:39AM|INS00013|Feb  5 2024 11:41AM|INS00013
95054|407|Jl. Pisangan Raya RT 003/ RW 004 (Penyewa)|Feb  5 2024 11:50AM|INS00013|Dec 30 1899 12:00AM|
95055|473|Jl. Sukun RT 003/ RW 006 (Penyewa)|Feb  5 2024 11:56AM|INS00013|Dec 30 1899 12:00AM|
95056|391|Jl. Wahid Hasyim RT 001/ RW 003 (Penyewa)|Feb  5 2024 12:01PM|INS00013|Dec 30 1899 12:00AM|
95057|96|Jl.  Pejaten Barat 2, RT 011/RW.008 (Penyewa)|Feb  5 2024 12:06PM|INS00013|Dec 30 1899 12:00AM|
95058|185|Jl. Palmerah Utara 3 RT 007/ RW 006 (Penyewa)|Feb  5 2024 12:15PM|INS00013|Dec 30 1899 12:00AM|
95059|475|Jl Pintu Air 3 Rt 013/002|Feb  5 2024 12:34PM|INS00028|Dec 30 1899 12:00AM|
95060|364|Jl. H Kotong RT 011/ RW 003 (Penyewa)|Feb  5 2024  2:01PM|INS00013|Dec 30 1899 12:00AM|
95061|210|Jl. Tabah RT 005/ RW 010 (Penyewa)|Feb  5 2024  2:05PM|INS00013|Dec 30 1899 12:00AM|
95062|130|TOWER B LANTAI LG|Feb  5 2024  2:09PM|INS00375|Dec 30 1899 12:00AM|
95063|480|Jl. Hikmah RT 003/ RW 001 (Penyewa)|Feb  5 2024  2:15PM|INS00013|Dec 30 1899 12:00AM|
95064|68|Jl. Mampang Prapatan 1 RT 005/ RW 006 (Penyewa)|Feb  5 2024  2:20PM|INS00013|Dec 30 1899 12:00AM|
95065|496|Jl. Rawamaya 1 RT 002/ RW 002|Feb  5 2024  2:24PM|INS00013|Dec 30 1899 12:00AM|
95066|312|Jl.Cempaka Bawah RT 002/ RW 003 (Penyewa)|Feb  5 2024  2:39PM|INS00013|Dec 30 1899 12:00AM|
95067|393|Jl. Irigasi RT 004/ RW 008 (Penyewa)|Feb  5 2024  2:42PM|INS00013|Dec 30 1899 12:00AM|
95068|150|Jl. Tanah Kusir 2 RT 009/ RW 009 (Penyewa)|Feb  5 2024  2:47PM|INS00013|Dec 30 1899 12:00AM|
95069|537|Jl. Ketapang RT 04 RW 09 (Penyewa)|Feb  5 2024  3:27PM|INS00013|Dec 30 1899 12:00AM|
95070|226|Jl. Villa Tomang Mas Blok E|Feb  5 2024  4:43PM|INS00013|Dec 30 1899 12:00AM|
95071|607|Jl. Kebagusan Dalam IV, RT007/RW04|Feb  5 2024  5:23PM|INS00375|Dec 30 1899 12:00AM|
95072|436|JL. JOJORAN I RT.13 RW.8|Feb  5 2024  5:33PM|INS00506|Dec 30 1899 12:00AM|
95073|436|JL. MOJO KLANGGRU LOR RT.2 RW.4|Feb  5 2024  5:46PM|INS00506|Dec 30 1899 12:00AM|
95074|595|JL.H. Djain RT.002/RW.008|Feb  5 2024  6:42PM|INS00110|Dec 30 1899 12:00AM|
95075|551|Jl Baru Cilincing Rt 08/Rw 02|Feb  5 2024  7:11PM|INS00028|Dec 30 1899 12:00AM|
95076|127|Jl Pulo Raya 7 RT003 RW01|Feb  5 2024  8:56PM|INS00375|Dec 30 1899 12:00AM|
95077|451|Jl. KH Thaisir RT 005/ RW 001 (Penyewa)|Feb  5 2024 10:25PM|INS00013|Dec 30 1899 12:00AM|
95078|532|Jl. Makmur RT 005/ RW 003 (Penyewa)|Feb  5 2024 10:39PM|INS00013|Dec 30 1899 12:00AM|
95079|607|Jl. Kebagusan IV Gg Assalamah RT 012/ RW 004|Feb  5 2024 11:16PM|INS00013|Dec 30 1899 12:00AM|
95080|607|Jl. Kebagusan Dalam 1, Gg H Riduan RT 008/ RW 004|Feb  5 2024 11:21PM|INS00013|Dec 30 1899 12:00AM|
95081|189|Jl. Penyelesaian Tomang 1 Rt 003 Rw 001 (Penyewa)|Feb  6 2024  9:23AM|INS00013|Dec 30 1899 12:00AM|
95082|607|Jalan Kebagusan IV Dalam, Gang H. Matasin Rt 09 Rw 04 (Penyewa)|Feb  6 2024  9:56AM|INS00013|Dec 30 1899 12:00AM|
95083|530|Jl. Jatayu 1 RT 014 / RW 004 (Penyewa)|Feb  6 2024 10:15AM|INS00013|Dec 30 1899 12:00AM|
95084|531|Gg Radio Ron RT 005/ RW 002 (Penyewa)|Feb  6 2024 10:21AM|INS00013|Dec 30 1899 12:00AM|
95085|498|Jl. Pedongkelan Belakang RT 013/ RW 016 (Penyewa)|Feb  6 2024 10:35AM|INS00013|Dec 30 1899 12:00AM|
95086|517|Jl. H Irin, Gg H Yusuf Karang Tengah RT 003/ RW 008 (Penyewa)|Feb  6 2024  1:50PM|INS00013|Feb  6 2024  1:53PM|INS00013
95087|549|Jl Manunggal 7 RT.008/015|Feb  6 2024  1:53PM|INS00110|Dec 30 1899 12:00AM|
95088|531|Jl. Radio Ron Gg Paci - Paci RT 002/ RW 004 (Penyewa)|Feb  6 2024  2:20PM|INS00013|Dec 30 1899 12:00AM|
95089|480|Jl. Legoso Raya RT 003/ RW 001 (Penyewa)|Feb  6 2024  3:27PM|INS00013|Dec 30 1899 12:00AM|
95090|390|Jl. Kyai Dehir RT 001/ RW 009|Feb  6 2024  3:35PM|INS00013|Dec 30 1899 12:00AM|
95091|76|Jl. Rawa Belong 2A, Gg Langgar RT 002/ RW 015 (Penyewa)|Feb  6 2024  4:13PM|INS00013|Dec 30 1899 12:00AM|
95092|389|Jl. Kenangan RT 002/ RW 009 (Penyewa)|Feb  6 2024  4:36PM|INS00013|Dec 30 1899 12:00AM|
95093|479|Jl. Menjangan Raya RT 001/ RW 008 (Penyewa)|Feb  6 2024  4:54PM|INS00013|Dec 30 1899 12:00AM|
95094|516|JL. KEDONDONG KIDUL III RT.4 RW.4|Feb  6 2024  4:56PM|INS00506|Dec 30 1899 12:00AM|
95095|513|JL. DUKUH KUPANG BARAT I BUNTU III RT.8 RW.8|Feb  6 2024  5:04PM|INS00506|Dec 30 1899 12:00AM|
95096|454|JL.Kramat RT.004 RW.003|Feb  6 2024  5:19PM|INS00027|Dec 30 1899 12:00AM|
95097|589|JL.Pisangan Lama 3 RT.007 RW.007|Feb  6 2024  5:21PM|INS00110|Dec 30 1899 12:00AM|
95098|507|Jl. Olahraga 1 RT.014/RW.005|Feb  6 2024  5:56PM|INS00110|Dec 30 1899 12:00AM|
95099|401|Jl Merpati 5 RT Rt 001/003|Feb  6 2024  6:27PM|INS00110|Dec 30 1899 12:00AM|
95100|401|Jl Merpati 5 RT Rt 001/003|Feb  6 2024  6:27PM|INS00110|Dec 30 1899 12:00AM|
95101|74|Jl. Primer Raya Pulo Gebang RT 05 RW 06|Feb  6 2024  6:27PM|ANS00002|Dec 30 1899 12:00AM|
95102|502|Jl. Rawa Kalong RT 003/ RW 009 (Penyewa)|Feb  6 2024  6:32PM|INS00013|Dec 30 1899 12:00AM|
95103|607|Jl. Kebagusan IV Dalam, RT 012/ RW 004|Feb  6 2024  6:38PM|INS00013|Dec 30 1899 12:00AM|
95104|498|Jl. Pedongkelan G Alfalah 5 RT 014 RW 016 (Penyewa)|Feb  6 2024  6:45PM|INS00013|Dec 30 1899 12:00AM|
95105|581|Jl. Pori Raya RT.007/RW.007|Feb  6 2024  7:02PM|INS00110|Dec 30 1899 12:00AM|
95106|498|Jl. Timbul 2 RT 015/RW 016 (Penyewa)|Feb  6 2024  7:28PM|INS00013|Dec 30 1899 12:00AM|
95107|396|Jl. H Gemin RT 07 RW 04|Feb  7 2024  9:59AM|INS00110|Dec 30 1899 12:00AM|
95108|358|Jl. Pete Pulau Harapan 6 RT 007 RW 02|Feb  7 2024 10:21AM|INS00110|Dec 30 1899 12:00AM|
95109|575|Jl.Jembatan Besi Raya RT. 12 RW. 01|Feb  7 2024  1:45PM|INS00124|Dec 30 1899 12:00AM|
95110|259|Jl. Ciparai 09 RT 03 RW 05|Feb  7 2024  2:04PM|INS00110|Dec 30 1899 12:00AM|
95111|199|Jl. Jati 1 RT.04/RW.12 |Feb  7 2024  2:05PM|INS00124|Dec 30 1899 12:00AM|
95112|521|Jl. Nurul amal 16 RT.12 RW.05 |Feb  7 2024  2:09PM|INS00124|Dec 30 1899 12:00AM|
95113|419|jl. Pedongkelan Belakang GG. Masjid Al-Khimah RT.05 RW.13 |Feb  7 2024  2:12PM|INS00124|Dec 30 1899 12:00AM|
95114|60|Jl Jagakarsa RT 001 RW 005|Feb  7 2024  2:13PM|INS00375|Dec 30 1899 12:00AM|
95115|575|jl jembatan besi raya rt 13 rw3 |Feb  7 2024  2:14PM|INS00124|Dec 30 1899 12:00AM|
95116|386|PIazza Mozia Blok E8|Feb  7 2024  2:28PM|INS00183|Dec 30 1899 12:00AM|
95117|375|Jl. M.H sanim Rt. 06/15 |Feb  7 2024  2:29PM|INS00124|Dec 30 1899 12:00AM|
95118|353|jl.masjid 1 gg. asri rt. 05/01|Feb  7 2024  2:31PM|INS00124|Dec 30 1899 12:00AM|
95119|531|Jln irigasi sipon gg H.sarim RT05 RW04 |Feb  7 2024  2:33PM|INS00124|Dec 30 1899 12:00AM|
95120|576|Jl.Sunter Jaya RT 005 RW 002|Feb  7 2024  2:52PM|INS00028|Dec 30 1899 12:00AM|
95121|228|Jl.K.H M Usman rt. 03/04 |Feb  7 2024  3:07PM|INS00124|Dec 30 1899 12:00AM|
95122|592|Jl. Raya Lenteng Agung Gg.Rambutan Rt13/Rw08 |Feb  7 2024  3:09PM|INS00124|Dec 30 1899 12:00AM|
95123|533|Jl. Samudera jaya Rt. 02/02 |Feb  7 2024  3:11PM|INS00124|Dec 30 1899 12:00AM|
95124|358|Jl. Pete Pulau Harapan 6 RT 007 RW 06|Feb  7 2024  3:15PM|INS00110|Dec 30 1899 12:00AM|
95125|532|Jl.diana 2 Rt.06 Rw.03 |Feb  7 2024  4:08PM|INS00124|Dec 30 1899 12:00AM|
95126|524|jl. M Siban bajong pocol RT 001 RW 014 |Feb  7 2024  4:11PM|INS00124|Dec 30 1899 12:00AM|
95127|122|Jl. A Rt 011 Rw 001|Feb  7 2024  4:15PM|INS00124|Dec 30 1899 12:00AM|
95128|386|Apartmen Casa de Parco tower Cassea lt 19 |Feb  7 2024  4:23PM|INS00124|Dec 30 1899 12:00AM|
95129|89|Jl. M.kahfi 2 Rt 009/001|Feb  7 2024  4:28PM|INS00124|Dec 30 1899 12:00AM|
95130|395|GG RIYUN PERMAI II|Feb  7 2024  4:28PM|INS00190|Dec 30 1899 12:00AM|
95131|230|Perumahan Taman Asri Blok M Jl. Jamus Rt.11 Rw. 01|Feb  7 2024  4:30PM|INS00124|Dec 30 1899 12:00AM|
95132|179|Jl Puskesmas RT 004 RW 03|Feb  7 2024  4:40PM|INS00110|Dec 30 1899 12:00AM|
95133|132|Jl. Masjid Arohman RT 010 RW 05|Feb  7 2024  5:49PM|INS00110|Dec 30 1899 12:00AM|
95134|607|JL. Kebagusan IV Dalam RT08/RW04|Feb  7 2024  6:24PM|INS00375|Dec 30 1899 12:00AM|
95135|389|Jl.delima jaya RT 002 RW 008 |Feb  7 2024  7:15PM|INS00124|Dec 30 1899 12:00AM|
95136|422|Lantai 16|Feb  7 2024  7:16PM|INS00200|Dec 30 1899 12:00AM|
95137|189|Jl. Kecapi 3 RT. 05/RW. 10|Feb  7 2024  7:18PM|INS00124|Dec 30 1899 12:00AM|
95138|607|Jl.Kebagusan Wates Gg.peon Rt02/Rw04 |Feb  7 2024  7:26PM|INS00124|Dec 30 1899 12:00AM|
95139|500|JL FLAMBOYAN RT 01 RW 05|Feb  7 2024  7:28PM|INS00124|Dec 30 1899 12:00AM|
95140|423|Jl simprug golf 2 rt 009 rw 008 |Feb  7 2024  7:30PM|INS00124|Dec 30 1899 12:00AM|
95141|522|Jl sasak raya RT 05 RW 07 |Feb  7 2024  7:32PM|INS00124|Dec 30 1899 12:00AM|
95142|199|Jl angasana raya rt 08 rw 12|Feb  7 2024  7:35PM|INS00124|Dec 30 1899 12:00AM|
95143|592|Jl. Camat gabun II RT 004/ Rw 008 |Feb  7 2024  7:46PM|INS00124|Dec 30 1899 12:00AM|
95144|542|Jl.damai raya rt 04 rw 011 |Feb  7 2024  7:49PM|INS00124|Dec 30 1899 12:00AM|
95145|575|Jl. Jembatan Besi 4 Gg Dede RT007/ RW 003 (Penyewa)|Feb  8 2024  7:00AM|INS00013|Dec 30 1899 12:00AM|
95146|389|Jl. Delima Jaya 1, Gg Liman 1 RT 004/ RW 008 (Penyewa)|Feb  8 2024  7:10AM|INS00013|Dec 30 1899 12:00AM|
95147|502|Jl. RawaKalong Raya RT 004/ RW 009 (Penyewa)|Feb  8 2024  7:14AM|INS00013|Dec 30 1899 12:00AM|
95148|607|Jl. Kebagusan 4 Gg H Abdulloh RT 009/ RW 005 (Penyewa)|Feb  8 2024  7:39AM|INS00013|Dec 30 1899 12:00AM|
95149|607|Jl. Kebagusan 4 Dalam RT 006/ RW 004 (Penyewa)|Feb  8 2024  7:44AM|INS00013|Dec 30 1899 12:00AM|
95150|299|(Kos Pondok Aida gd. B no. 20) Jl. H. Amat II RT.4/RW.03|Feb  8 2024 11:23AM|INS00124|Dec 30 1899 12:00AM|
95151|541|Jl. Muchtar 3 RT 003/ RW 010 (Penyewa)|Feb  8 2024 11:59AM|INS00013|Dec 30 1899 12:00AM|
95152|585|Jl Pisangan Lama 3 Rt 02 Rw 04|Feb  8 2024 12:04PM|INS00096|Dec 30 1899 12:00AM|
95153|607|Jl. Mursid RT 006/ RW 004 (Penyewa)|Feb  8 2024 12:05PM|INS00013|Dec 30 1899 12:00AM|
95154|511|Jl Cipinang Latihan RT 14 RW 011|Feb  8 2024 12:10PM|INS00096|Dec 30 1899 12:00AM|
95155|35|Jl. H Mursid RT 004/ RW 003 (Penyewa)|Feb  8 2024 12:14PM|INS00013|Dec 30 1899 12:00AM|
95156|376|Jl. Karya Bhakti RT 002/ RW 005 (Penyewa)|Feb  8 2024  2:02PM|INS00013|Dec 30 1899 12:00AM|
95157|355|Jl. H, Somad RT 005/ RW 011 (Penyewa)|Feb  8 2024  2:09PM|INS00013|Dec 30 1899 12:00AM|
95158|498|Jl. Pasar Timbul RT015/ RW 016 (Gg 1)|Feb  8 2024  2:41PM|INS00013|Dec 30 1899 12:00AM|
95159|594|Jl. Meruya Selatan RT 001/ RW 007 Gg Betua Aji (Penyewa)|Feb  8 2024  2:44PM|INS00013|Feb  8 2024  2:45PM|INS00013
95160|147|Jl. Pedongkelan Depan Gg. ikhlas 1 02 rw 015 (Penyewa)|Feb  8 2024  2:48PM|INS00013|Dec 30 1899 12:00AM|
95161|29|Jl. Pasar Inpres RT 005/ RW 002 (Penyewa)|Feb  8 2024  2:51PM|INS00013|Dec 30 1899 12:00AM|
95162|150|Jl. Tanah Kusir 2 Gang Pramuka 1 RT 002/ RW 011 (Penyewa)|Feb  8 2024  2:55PM|INS00013|Dec 30 1899 12:00AM|
95163|191|Jl. Kangkung Gg Buntu RT 006/ RW 007 (Penyewa)|Feb  8 2024  3:01PM|INS00013|Dec 30 1899 12:00AM|
95164|521|Jl. Fajar Baru Selatan RT 007 RW 007|Feb  8 2024  3:56PM|INS00013|Dec 30 1899 12:00AM|
95165|389|Jl. Mabad 1 Gg Halimun RT 006/ RW 007|Feb  8 2024  3:59PM|INS00013|Dec 30 1899 12:00AM|
95166|486|Jl. Jati 1 Gg Maat RT 013/ RW 012 (Penyewa)|Feb  8 2024  5:12PM|INS00013|Dec 30 1899 12:00AM|
95167|583|Jl. Masjid Al Makmur Gg Leo 2 RT 015/007 (Penyewa)|Feb  8 2024  5:16PM|INS00013|Dec 30 1899 12:00AM|
95168|431|JL. DUKUH KUPANG TIMUR VII RT.1 RW.8|Feb  8 2024  5:46PM|INS00506|Dec 30 1899 12:00AM|
95169|262|Jl. Asem Raya RT 006/ RW 008 (Penyewa)|Feb  8 2024  7:59PM|INS00013|Dec 30 1899 12:00AM|
95170|451|Jl. Kemanggisan Ilir lll RT 005/ RW 001 (Penyewa)|Feb  8 2024  8:05PM|INS00013|Dec 30 1899 12:00AM|
95171|607|Jl. Kebagusan IV RT 009/ RW 005 (Penyewa)|Feb  8 2024 10:07PM|INS00013|Dec 30 1899 12:00AM|
95172|460|JL. PUCANG ARJO 3 RT.4 RW.5|Feb  9 2024  8:45AM|INS00506|Dec 30 1899 12:00AM|
95173|72|Jl. Komarudin RT.008 / RW.004|Feb  9 2024  9:08AM|INS00362|Dec 30 1899 12:00AM|
95174|122|Jl. E, Gg S1  Rt 02 Rw 01 (Penyewa)|Feb  9 2024 11:03AM|INS00013|Feb  9 2024 11:04AM|INS00013
95175|308|Jl. H Mujar RT 001/ RW 004 (Penyewa)|Feb  9 2024 11:16AM|INS00013|Dec 30 1899 12:00AM|
95176|344|JL.KAMPIAL RESIDENCE 3|Feb  9 2024 12:48PM|INS00190|Dec 30 1899 12:00AM|
95177|517|Jl. H irin GG.H Emin RT 003/RW 008 (Penyewa)|Feb  9 2024  2:27PM|INS00013|Dec 30 1899 12:00AM|
95178|522|Jl. Sasak Raya RT 004/ RW 007|Feb  9 2024  4:59PM|INS00013|Dec 30 1899 12:00AM|
95179|498|Jl. Setia RT 015/ RW 016 (Penyewa)|Feb  9 2024  5:32PM|INS00013|Dec 30 1899 12:00AM|
95180|525|Jl. Kp Bulak Teko Gg 4 RT 006/ RW 008 (Penyewa)|Feb  9 2024  5:36PM|INS00013|Dec 30 1899 12:00AM|
95181|217|Jl. Juragan Sinda Gg Barokah 1 RT 009/ Rw 007|Feb  9 2024  5:59PM|INS00013|Dec 30 1899 12:00AM|
95182|99|Jl. Pekayaon 1 RT 001/  RW 003 (Penyewa)|Feb  9 2024  6:20PM|INS00013|Dec 30 1899 12:00AM|
95183|471|Jl. Solo RT 004/ RW 004 (Penyewa)|Feb  9 2024  6:26PM|INS00013|Dec 30 1899 12:00AM|
95184|409|Jl. Pisang Kepok I RT.002/RW.016|Feb  9 2024  7:14PM|INS00028|Dec 30 1899 12:00AM|
95185|401|Blok Ringin Rt 010/Rw 03|Feb  9 2024  7:19PM|INS00028|Dec 30 1899 12:00AM|
95186|605|Jl. Kebon kosong Gg. 19 Rt.03 Rw. 03|Feb  9 2024  7:23PM|INS00028|Dec 30 1899 12:00AM|
95187|289|Jl Raya Bogor Gg Masjid Jami Baiturahman RT 04/RW 01|Feb  9 2024  7:31PM|INS00028|Dec 30 1899 12:00AM|
95188|605|Jl. Kebon kosong 16 RT 14/ RW 03|Feb  9 2024  7:43PM|INS00028|Dec 30 1899 12:00AM|
95189|73|Jl Buaran 3 Rt 001 RW 015|Feb  9 2024  8:24PM|INS00028|Dec 30 1899 12:00AM|
